{"cameraMode":{"drawMode":0,"name":"Shaded","section":"Shading Mode"},"sceneLighting":true,"audioPlay":false,"sceneViewState":{"showFog":true,"showMaterialUpdate":false,"showSkybox":true,"showFlares":true,"showImageEffects":true,"showParticleSystems":true},"in2DMode":false,"pivot":{"x":2.0478515625,"y":-2.4814453125,"z":6.46484375},"rotation":{"x":-0.03148053213953972,"y":-0.03118087351322174,"z":0.0009803310967981816,"w":-0.9990483522415161},"size":20.926593780517579,"orthographic":true}