{"cameraMode":{"drawMode":0,"name":"Shaded","section":"Shading Mode"},"sceneLighting":true,"audioPlay":false,"sceneViewState":{"showFog":true,"showMaterialUpdate":false,"showSkybox":true,"showFlares":true,"showImageEffects":true,"showParticleSystems":true},"in2DMode":false,"pivot":{"x":5.939453125,"y":3.182373046875,"z":14.49609375},"rotation":{"x":-0.01497864443808794,"y":0.052770040929317477,"z":-0.0007972996681928635,"w":-0.9985222816467285},"size":23.320323944091798,"orthographic":true}